Source,Target,UID,#NACE,#ISIC,#NACE matches,#ISIC matches
A,A,F6.0001,NACE-A,ISIC-A,1,1
01,01,F6.0002,NACE-01,ISIC-01,1,1
01.1,011,F6.0003,NACE-01.1,ISIC-011,1,1
01.11,0111,F6.0004,NACE-01.11,ISIC-0111,1,1
01.12,0112,F6.0005,NACE-01.12,ISIC-0112,1,1
01.13,0113,F6.0006,NACE-01.13,ISIC-0113,1,1
01.14,0114,F6.0007,NACE-01.14,ISIC-0114,1,1
01.15,0115,F6.0008,NACE-01.15,ISIC-0115,1,1
01.16,0116,F6.0009,NACE-01.16,ISIC-0116,1,1
01.19,0119,F6.0010,NACE-01.19,ISIC-0119,1,1
01.2,012,F6.0011,NACE-01.2,ISIC-012,1,1
01.21,0121,F6.0012,NACE-01.21,ISIC-0121,1,1
01.22,0122,F6.0013,NACE-01.22,ISIC-0122,1,1
01.23,0123,F6.0014,NACE-01.23,ISIC-0123,1,1
01.24,0124,F6.0015,NACE-01.24,ISIC-0124,1,1
01.25,0125,F6.0016,NACE-01.25,ISIC-0125,1,1
01.26,0126,F6.0017,NACE-01.26,ISIC-0126,1,1
01.27,0127,F6.0018,NACE-01.27,ISIC-0127,1,1
01.28,0128,F6.0019,NACE-01.28,ISIC-0128,1,1
01.29,0129,F6.0020,NACE-01.29,ISIC-0129,1,1
01.3,013,F6.0021,NACE-01.3,ISIC-013,1,1
01.30,0130,F6.0022,NACE-01.30,ISIC-0130,1,1
01.4,014,F6.0023,NACE-01.4,ISIC-014,1,1
01.41,0141,F6.0024,NACE-01.41,ISIC-0141,1,1
01.42,0141,F6.0025,NACE-01.42,ISIC-0141,1,1
01.43,0142,F6.0026,NACE-01.43,ISIC-0142,1,1
01.44,0143,F6.0027,NACE-01.44,ISIC-0143,1,1
01.45,0144,F6.0028,NACE-01.45,ISIC-0144,1,1
01.46,0145,F6.0029,NACE-01.46,ISIC-0145,1,1
01.47,0146,F6.0030,NACE-01.47,ISIC-0146,1,1
01.49,0149,F6.0031,NACE-01.49,ISIC-0149,1,1
01.5,015,F6.0032,NACE-01.5,ISIC-015,1,1
01.50,0150,F6.0033,NACE-01.50,ISIC-0150,1,1
01.6,016,F6.0034,NACE-01.6,ISIC-016,1,1
01.61,0161,F6.0035,NACE-01.61,ISIC-0161,1,1
01.62,0162,F6.0036,NACE-01.62,ISIC-0162,1,1
01.63,0163,F6.0037,NACE-01.63,ISIC-0163,1,1
01.64,0164,F6.0038,NACE-01.64,ISIC-0164,1,1
01.7,017,F6.0039,NACE-01.7,ISIC-017,1,1
01.70,0170,F6.0040,NACE-01.70,ISIC-0170,1,1
02,02,F6.0041,NACE-02,ISIC-02,1,1
02.1,021,F6.0042,NACE-02.1,ISIC-021,1,1
02.10,0210,F6.0043,NACE-02.10,ISIC-0210,1,1
02.2,022,F6.0044,NACE-02.2,ISIC-022,1,1
02.20,0220,F6.0045,NACE-02.20,ISIC-0220,1,1
02.3,023,F6.0046,NACE-02.3,ISIC-023,1,1
02.30,0230,F6.0047,NACE-02.30,ISIC-0230,1,1
02.4,024,F6.0048,NACE-02.4,ISIC-024,1,1
02.40,0240,F6.0049,NACE-02.40,ISIC-0240,1,1
03,03,F6.0050,NACE-03,ISIC-03,1,1
03.1,031,F6.0051,NACE-03.1,ISIC-031,1,1
03.11,0311,F6.0052,NACE-03.11,ISIC-0311,1,1
03.12,0312,F6.0053,NACE-03.12,ISIC-0312,1,1
03.2,032,F6.0054,NACE-03.2,ISIC-032,1,1
03.21,0321,F6.0055,NACE-03.21,ISIC-0321,1,1
03.22,0322,F6.0056,NACE-03.22,ISIC-0322,1,1
B,B,F6.0057,NACE-B,ISIC-B,1,1
05,05,F6.0058,NACE-05,ISIC-05,1,1
05.1,051,F6.0059,NACE-05.1,ISIC-051,1,1
05.10,0510,F6.0060,NACE-05.10,ISIC-0510,1,1
05.2,052,F6.0061,NACE-05.2,ISIC-052,1,1
05.20,0520,F6.0062,NACE-05.20,ISIC-0520,1,1
06,06,F6.0063,NACE-06,ISIC-06,1,1
06.1,061,F6.0064,NACE-06.1,ISIC-061,1,1
06.10,0610,F6.0065,NACE-06.10,ISIC-0610,1,1
06.2,062,F6.0066,NACE-06.2,ISIC-062,1,1
06.20,0620,F6.0067,NACE-06.20,ISIC-0620,1,1
07,07,F6.0068,NACE-07,ISIC-07,1,1
07.1,071,F6.0069,NACE-07.1,ISIC-071,1,1
07.10,0710,F6.0070,NACE-07.10,ISIC-0710,1,1
07.2,072,F6.0071,NACE-07.2,ISIC-072,1,1
07.21,0721,F6.0072,NACE-07.21,ISIC-0721,1,1
07.29,0729,F6.0073,NACE-07.29,ISIC-0729,1,1
08,08,F6.0074,NACE-08,ISIC-08,1,1
08.1,081,F6.0075,NACE-08.1,ISIC-081,1,1
08.11,0810,F6.0076,NACE-08.11,ISIC-0810,1,1
08.12,0810,F6.0077,NACE-08.12,ISIC-0810,1,1
08.9,089,F6.0078,NACE-08.9,ISIC-089,1,1
08.91,0891,F6.0079,NACE-08.91,ISIC-0891,1,1
08.92,0892,F6.0080,NACE-08.92,ISIC-0892,1,1
08.93,0893,F6.0081,NACE-08.93,ISIC-0893,1,1
08.99,0899,F6.0082,NACE-08.99,ISIC-0899,1,1
09,09,F6.0083,NACE-09,ISIC-09,1,1
09.1,091,F6.0084,NACE-09.1,ISIC-091,1,1
09.10,0910,F6.0085,NACE-09.10,ISIC-0910,1,1
09.9,099,F6.0086,NACE-09.9,ISIC-099,1,1
09.90,0990,F6.0087,NACE-09.90,ISIC-0990,1,1
C,C,F6.0088,NACE-C,ISIC-C,1,1
10,10,F6.0089,NACE-10,ISIC-10,1,1
10.1,101,F6.0090,NACE-10.1,ISIC-101,1,1
10.11,1010,F6.0091,NACE-10.11,ISIC-1010,1,1
10.12,1010,F6.0092,NACE-10.12,ISIC-1010,1,1
10.13,1010,F6.0093,NACE-10.13,ISIC-1010,1,1
10.2,102,F6.0094,NACE-10.2,ISIC-102,1,1
10.20,1020,F6.0095,NACE-10.20,ISIC-1020,1,1
10.3,103,F6.0096,NACE-10.3,ISIC-103,1,1
10.31,1030,F6.0097,NACE-10.31,ISIC-1030,1,1
10.32,1030,F6.0098,NACE-10.32,ISIC-1030,1,1
10.39,1030,F6.0099,NACE-10.39,ISIC-1030,1,1
10.4,104,F6.0100,NACE-10.4,ISIC-104,1,1
10.41,1040,F6.0101,NACE-10.41,ISIC-1040,1,1
10.42,1040,F6.0102,NACE-10.42,ISIC-1040,1,1
10.5,105,F6.0103,NACE-10.5,ISIC-105,1,1
10.51,1050,F6.0104,NACE-10.51,ISIC-1050,1,1
10.52,1050,F6.0105,NACE-10.52,ISIC-1050,1,1
10.6,106,F6.0106,NACE-10.6,ISIC-106,1,1
10.61,1061,F6.0107,NACE-10.61,ISIC-1061,1,1
10.62,1062,F6.0108,NACE-10.62,ISIC-1062,1,1
10.7,107,F6.0109,NACE-10.7,ISIC-107,1,1
10.71,1071,F6.0110,NACE-10.71,ISIC-1071,1,1
10.72,1071,F6.0111,NACE-10.72,ISIC-1071,1,1
10.73,1074,F6.0112,NACE-10.73,ISIC-1074,1,1
10.8,107,F6.0113,NACE-10.8,ISIC-107,1,1
10.81,1072,F6.0114,NACE-10.81,ISIC-1072,1,1
10.82,1073,F6.0115,NACE-10.82,ISIC-1073,1,1
10.83,1079,F6.0116,NACE-10.83,ISIC-1079,1,1
10.84,1079,F6.0117,NACE-10.84,ISIC-1079,1,1
10.85,1075,F6.0118,NACE-10.85,ISIC-1075,1,1
10.86,1079,F6.0119,NACE-10.86,ISIC-1079,1,1
10.89,1079,F6.0120,NACE-10.89,ISIC-1079,1,1
10.9,108,F6.0121,NACE-10.9,ISIC-108,1,1
10.91,1080,F6.0122,NACE-10.91,ISIC-1080,1,1
10.92,1080,F6.0123,NACE-10.92,ISIC-1080,1,1
11,11,F6.0124,NACE-11,ISIC-11,1,1
11.0,110,F6.0125,NACE-11.0,ISIC-110,1,1
11.01,1101,F6.0126,NACE-11.01,ISIC-1101,1,1
11.02,1102,F6.0127,NACE-11.02,ISIC-1102,1,1
11.03,1102,F6.0128,NACE-11.03,ISIC-1102,1,1
11.04,1102,F6.0129,NACE-11.04,ISIC-1102,1,1
11.05,1103,F6.0130,NACE-11.05,ISIC-1103,1,1
11.06,1103,F6.0131,NACE-11.06,ISIC-1103,1,1
11.07,1104,F6.0132,NACE-11.07,ISIC-1104,1,1
12,12,F6.0133,NACE-12,ISIC-12,1,1
12.0,120,F6.0134,NACE-12.0,ISIC-120,1,1
12.00,1200,F6.0135,NACE-12.00,ISIC-1200,1,1
13,13,F6.0136,NACE-13,ISIC-13,1,1
13.1,131,F6.0137,NACE-13.1,ISIC-131,1,1
13.10,1311,F6.0138,NACE-13.10,ISIC-1311,1,1
13.2,131,F6.0139,NACE-13.2,ISIC-131,1,1
13.20,1312,F6.0140,NACE-13.20,ISIC-1312,1,1
13.3,131,F6.0141,NACE-13.3,ISIC-131,1,1
13.30,1313,F6.0142,NACE-13.30,ISIC-1313,1,1
13.9,139,F6.0143,NACE-13.9,ISIC-139,1,1
13.91,1391,F6.0144,NACE-13.91,ISIC-1391,1,1
13.92,1392,F6.0145,NACE-13.92,ISIC-1392,1,1
13.93,1393,F6.0146,NACE-13.93,ISIC-1393,1,1
13.94,1394,F6.0147,NACE-13.94,ISIC-1394,1,1
13.95,1399,F6.0148,NACE-13.95,ISIC-1399,1,1
13.96,1399,F6.0149,NACE-13.96,ISIC-1399,1,1
13.99,1399,F6.0150,NACE-13.99,ISIC-1399,1,1
14,14,F6.0151,NACE-14,ISIC-14,1,1
14.1,141,F6.0152,NACE-14.1,ISIC-141,1,1
14.11,1410,F6.0153,NACE-14.11,ISIC-1410,1,1
14.12,1410,F6.0154,NACE-14.12,ISIC-1410,1,1
14.13,1410,F6.0155,NACE-14.13,ISIC-1410,1,1
14.14,1410,F6.0156,NACE-14.14,ISIC-1410,1,1
14.19,1410,F6.0157,NACE-14.19,ISIC-1410,1,1
14.2,142,F6.0158,NACE-14.2,ISIC-142,1,1
14.20,1420,F6.0159,NACE-14.20,ISIC-1420,1,1
14.3,143,F6.0160,NACE-14.3,ISIC-143,1,1
14.31,1430,F6.0161,NACE-14.31,ISIC-1430,1,1
14.39,1430,F6.0162,NACE-14.39,ISIC-1430,1,1
15,15,F6.0163,NACE-15,ISIC-15,1,1
15.1,151,F6.0164,NACE-15.1,ISIC-151,1,1
15.11,1511,F6.0165,NACE-15.11,ISIC-1511,1,1
15.12,1512,F6.0166,NACE-15.12,ISIC-1512,1,1
15.2,152,F6.0167,NACE-15.2,ISIC-152,1,1
15.20,1520,F6.0168,NACE-15.20,ISIC-1520,1,1
16,16,F6.0169,NACE-16,ISIC-16,1,1
16.1,161,F6.0170,NACE-16.1,ISIC-161,1,1
16.10,1610,F6.0171,NACE-16.10,ISIC-1610,1,1
16.2,162,F6.0172,NACE-16.2,ISIC-162,1,1
16.21,1621,F6.0173,NACE-16.21,ISIC-1621,1,1
16.22,1622,F6.0174,NACE-16.22,ISIC-1622,1,1
16.23,1622,F6.0175,NACE-16.23,ISIC-1622,1,1
16.24,1623,F6.0176,NACE-16.24,ISIC-1623,1,1
16.29,1629,F6.0177,NACE-16.29,ISIC-1629,1,1
17,17,F6.0178,NACE-17,ISIC-17,1,1
17.1,170,F6.0179,NACE-17.1,ISIC-170,1,1
17.11,1701,F6.0180,NACE-17.11,ISIC-1701,1,1
17.12,1701,F6.0181,NACE-17.12,ISIC-1701,1,1
17.2,170,F6.0182,NACE-17.2,ISIC-170,1,1
17.21,1702,F6.0183,NACE-17.21,ISIC-1702,1,1
17.22,1709,F6.0184,NACE-17.22,ISIC-1709,1,1
17.23,1709,F6.0185,NACE-17.23,ISIC-1709,1,1
17.24,1709,F6.0186,NACE-17.24,ISIC-1709,1,1
17.29,1709,F6.0187,NACE-17.29,ISIC-1709,1,1
18,18,F6.0188,NACE-18,ISIC-18,1,1
18.1,181,F6.0189,NACE-18.1,ISIC-181,1,1
18.11,1811,F6.0190,NACE-18.11,ISIC-1811,1,1
18.12,1811,F6.0191,NACE-18.12,ISIC-1811,1,1
18.13,1812,F6.0192,NACE-18.13,ISIC-1812,1,1
18.14,1812,F6.0193,NACE-18.14,ISIC-1812,1,1
18.2,182,F6.0194,NACE-18.2,ISIC-182,1,1
18.20,1820,F6.0195,NACE-18.20,ISIC-1820,1,1
19,19,F6.0196,NACE-19,ISIC-19,1,1
19.1,191,F6.0197,NACE-19.1,ISIC-191,1,1
19.10,1910,F6.0198,NACE-19.10,ISIC-1910,1,1
19.2,192,F6.0199,NACE-19.2,ISIC-192,1,1
19.20,1920,F6.0200,NACE-19.20,ISIC-1920,1,1
20,20,F6.0201,NACE-20,ISIC-20,1,1
20.1,201,F6.0202,NACE-20.1,ISIC-201,1,1
20.11,2011,F6.0203,NACE-20.11,ISIC-2011,1,1
20.12,2011,F6.0204,NACE-20.12,ISIC-2011,1,1
20.13,2011,F6.0205,NACE-20.13,ISIC-2011,1,1
20.14,2011,F6.0206,NACE-20.14,ISIC-2011,1,1
20.15,2012,F6.0207,NACE-20.15,ISIC-2012,1,1
20.16,2013,F6.0208,NACE-20.16,ISIC-2013,1,1
20.17,2013,F6.0209,NACE-20.17,ISIC-2013,1,1
20.2,202,F6.0210,NACE-20.2,ISIC-202,1,1
20.20,2021,F6.0211,NACE-20.20,ISIC-2021,1,1
20.3,202,F6.0212,NACE-20.3,ISIC-202,1,1
20.30,2022,F6.0213,NACE-20.30,ISIC-2022,1,1
20.4,202,F6.0214,NACE-20.4,ISIC-202,1,1
20.41,2023,F6.0215,NACE-20.41,ISIC-2023,1,1
20.42,2023,F6.0216,NACE-20.42,ISIC-2023,1,1
20.5,202,F6.0217,NACE-20.5,ISIC-202,1,1
20.51,2029,F6.0218,NACE-20.51,ISIC-2029,1,1
20.52,2029,F6.0219,NACE-20.52,ISIC-2029,1,1
20.53,2029,F6.0220,NACE-20.53,ISIC-2029,1,1
20.59,2029,F6.0221,NACE-20.59,ISIC-2029,1,1
20.6,203,F6.0222,NACE-20.6,ISIC-203,1,1
20.60,2030,F6.0223,NACE-20.60,ISIC-2030,1,1
21,21,F6.0224,NACE-21,ISIC-21,1,1
21.1,210,F6.0225,NACE-21.1,ISIC-210,1,1
21.10,2100,F6.0226,NACE-21.10,ISIC-2100,1,1
21.2,210,F6.0227,NACE-21.2,ISIC-210,1,1
21.20,2100,F6.0228,NACE-21.20,ISIC-2100,1,1
22,22,F6.0229,NACE-22,ISIC-22,1,1
22.1,221,F6.0230,NACE-22.1,ISIC-221,1,1
22.11,2211,F6.0231,NACE-22.11,ISIC-2211,1,1
22.19,2219,F6.0232,NACE-22.19,ISIC-2219,1,1
22.2,222,F6.0233,NACE-22.2,ISIC-222,1,1
22.21,2220,F6.0234,NACE-22.21,ISIC-2220,1,1
22.22,2220,F6.0235,NACE-22.22,ISIC-2220,1,1
22.23,2220,F6.0236,NACE-22.23,ISIC-2220,1,1
22.29,2220,F6.0237,NACE-22.29,ISIC-2220,1,1
23,23,F6.0238,NACE-23,ISIC-23,1,1
23.1,231,F6.0239,NACE-23.1,ISIC-231,1,1
23.11,2310,F6.0240,NACE-23.11,ISIC-2310,1,1
23.12,2310,F6.0241,NACE-23.12,ISIC-2310,1,1
23.13,2310,F6.0242,NACE-23.13,ISIC-2310,1,1
23.14,2310,F6.0243,NACE-23.14,ISIC-2310,1,1
23.19,2310,F6.0244,NACE-23.19,ISIC-2310,1,1
23.2,239,F6.0245,NACE-23.2,ISIC-239,1,1
23.20,2391,F6.0246,NACE-23.20,ISIC-2391,1,1
23.3,239,F6.0247,NACE-23.3,ISIC-239,1,1
23.31,2392,F6.0248,NACE-23.31,ISIC-2392,1,1
23.32,2392,F6.0249,NACE-23.32,ISIC-2392,1,1
23.4,239,F6.0250,NACE-23.4,ISIC-239,1,1
23.41,2393,F6.0251,NACE-23.41,ISIC-2393,1,1
23.42,2393,F6.0252,NACE-23.42,ISIC-2393,1,1
23.43,2393,F6.0253,NACE-23.43,ISIC-2393,1,1
23.44,2393,F6.0254,NACE-23.44,ISIC-2393,1,1
23.49,2393,F6.0255,NACE-23.49,ISIC-2393,1,1
23.5,239,F6.0256,NACE-23.5,ISIC-239,1,1
23.51,2394,F6.0257,NACE-23.51,ISIC-2394,1,1
23.52,2394,F6.0258,NACE-23.52,ISIC-2394,1,1
23.6,239,F6.0259,NACE-23.6,ISIC-239,1,1
23.61,2395,F6.0260,NACE-23.61,ISIC-2395,1,1
23.62,2395,F6.0261,NACE-23.62,ISIC-2395,1,1
23.63,2395,F6.0262,NACE-23.63,ISIC-2395,1,1
23.64,2395,F6.0263,NACE-23.64,ISIC-2395,1,1
23.65,2395,F6.0264,NACE-23.65,ISIC-2395,1,1
23.69,2395,F6.0265,NACE-23.69,ISIC-2395,1,1
23.7,239,F6.0266,NACE-23.7,ISIC-239,1,1
23.70,2396,F6.0267,NACE-23.70,ISIC-2396,1,1
23.9,239,F6.0268,NACE-23.9,ISIC-239,1,1
23.91,2399,F6.0269,NACE-23.91,ISIC-2399,1,1
23.99,2399,F6.0270,NACE-23.99,ISIC-2399,1,1
24,24,F6.0271,NACE-24,ISIC-24,1,1
24.1,241,F6.0272,NACE-24.1,ISIC-241,1,1
24.10,2410,F6.0273,NACE-24.10,ISIC-2410,1,1
24.2,241,F6.0274,NACE-24.2,ISIC-241,1,1
24.20,2410,F6.0275,NACE-24.20,ISIC-2410,1,1
24.3,241,F6.0276,NACE-24.3,ISIC-241,1,1
24.31,2410,F6.0277,NACE-24.31,ISIC-2410,1,1
24.32,2410,F6.0278,NACE-24.32,ISIC-2410,1,1
24.33,2410,F6.0279,NACE-24.33,ISIC-2410,1,1
24.34,2410,F6.0280,NACE-24.34,ISIC-2410,1,1
24.4,242,F6.0281,NACE-24.4,ISIC-242,1,1
24.41,2420,F6.0282,NACE-24.41,ISIC-2420,1,1
24.42,2420,F6.0283,NACE-24.42,ISIC-2420,1,1
24.43,2420,F6.0284,NACE-24.43,ISIC-2420,1,1
24.44,2420,F6.0285,NACE-24.44,ISIC-2420,1,1
24.45,2420,F6.0286,NACE-24.45,ISIC-2420,1,1
24.46,2420,F6.0287,NACE-24.46,ISIC-2420,1,1
24.5,243,F6.0288,NACE-24.5,ISIC-243,1,1
24.51,2431,F6.0289,NACE-24.51,ISIC-2431,1,1
24.52,2431,F6.0290,NACE-24.52,ISIC-2431,1,1
24.53,2432,F6.0291,NACE-24.53,ISIC-2432,1,1
24.54,2432,F6.0292,NACE-24.54,ISIC-2432,1,1
25,25,F6.0293,NACE-25,ISIC-25,1,1
25.1,251,F6.0294,NACE-25.1,ISIC-251,1,1
25.11,2511,F6.0295,NACE-25.11,ISIC-2511,1,1
25.12,2511,F6.0296,NACE-25.12,ISIC-2511,1,1
25.2,251,F6.0297,NACE-25.2,ISIC-251,1,1
25.21,2512,F6.0298,NACE-25.21,ISIC-2512,1,1
25.29,2512,F6.0299,NACE-25.29,ISIC-2512,1,1
25.3,251,F6.0300,NACE-25.3,ISIC-251,1,1
25.30,2513,F6.0301,NACE-25.30,ISIC-2513,1,1
25.4,252,F6.0302,NACE-25.4,ISIC-252,1,1
25.40,2520,F6.0303,NACE-25.40,ISIC-2520,1,1
25.5,259,F6.0304,NACE-25.5,ISIC-259,1,1
25.50,2591,F6.0305,NACE-25.50,ISIC-2591,1,1
25.6,259,F6.0306,NACE-25.6,ISIC-259,1,1
25.61,2592,F6.0307,NACE-25.61,ISIC-2592,1,1
25.62,2592,F6.0308,NACE-25.62,ISIC-2592,1,1
25.7,259,F6.0309,NACE-25.7,ISIC-259,1,1
25.71,2593,F6.0310,NACE-25.71,ISIC-2593,1,1
25.72,2593,F6.0311,NACE-25.72,ISIC-2593,1,1
25.73,2593,F6.0312,NACE-25.73,ISIC-2593,1,1
25.9,259,F6.0313,NACE-25.9,ISIC-259,1,1
25.91,2599,F6.0314,NACE-25.91,ISIC-2599,1,1
25.92,2599,F6.0315,NACE-25.92,ISIC-2599,1,1
25.93,2599,F6.0316,NACE-25.93,ISIC-2599,1,1
25.94,2599,F6.0317,NACE-25.94,ISIC-2599,1,1
25.99,2599,F6.0318,NACE-25.99,ISIC-2599,1,1
26,26,F6.0319,NACE-26,ISIC-26,1,1
26.1,261,F6.0320,NACE-26.1,ISIC-261,1,1
26.11,2610,F6.0321,NACE-26.11,ISIC-2610,1,1
26.12,2610,F6.0322,NACE-26.12,ISIC-2610,1,1
26.2,262,F6.0323,NACE-26.2,ISIC-262,1,1
26.20,2620,F6.0324,NACE-26.20,ISIC-2620,1,1
26.3,263,F6.0325,NACE-26.3,ISIC-263,1,1
26.30,2630,F6.0326,NACE-26.30,ISIC-2630,1,1
26.4,264,F6.0327,NACE-26.4,ISIC-264,1,1
26.40,2640,F6.0328,NACE-26.40,ISIC-2640,1,1
26.5,265,F6.0329,NACE-26.5,ISIC-265,1,1
26.51,2651,F6.0330,NACE-26.51,ISIC-2651,1,1
26.52,2652,F6.0331,NACE-26.52,ISIC-2652,1,1
26.6,266,F6.0332,NACE-26.6,ISIC-266,1,1
26.60,2660,F6.0333,NACE-26.60,ISIC-2660,1,1
26.7,267,F6.0334,NACE-26.7,ISIC-267,1,1
26.70,2670,F6.0335,NACE-26.70,ISIC-2670,1,1
26.8,268,F6.0336,NACE-26.8,ISIC-268,1,1
26.80,2680,F6.0337,NACE-26.80,ISIC-2680,1,1
27,27,F6.0338,NACE-27,ISIC-27,1,1
27.1,271,F6.0339,NACE-27.1,ISIC-271,1,1
27.11,2710,F6.0340,NACE-27.11,ISIC-2710,1,1
27.12,2710,F6.0341,NACE-27.12,ISIC-2710,1,1
27.2,272,F6.0342,NACE-27.2,ISIC-272,1,1
27.20,2720,F6.0343,NACE-27.20,ISIC-2720,1,1
27.3,273,F6.0344,NACE-27.3,ISIC-273,1,1
27.31,2731,F6.0345,NACE-27.31,ISIC-2731,1,1
27.32,2732,F6.0346,NACE-27.32,ISIC-2732,1,1
27.33,2733,F6.0347,NACE-27.33,ISIC-2733,1,1
27.4,274,F6.0348,NACE-27.4,ISIC-274,1,1
27.40,2740,F6.0349,NACE-27.40,ISIC-2740,1,1
27.5,275,F6.0350,NACE-27.5,ISIC-275,1,1
27.51,2750,F6.0351,NACE-27.51,ISIC-2750,1,1
27.52,2750,F6.0352,NACE-27.52,ISIC-2750,1,1
27.9,279,F6.0353,NACE-27.9,ISIC-279,1,1
27.90,2790,F6.0354,NACE-27.90,ISIC-2790,1,1
28,28,F6.0355,NACE-28,ISIC-28,1,1
28.1,281,F6.0356,NACE-28.1,ISIC-281,1,1
28.11,2811,F6.0357,NACE-28.11,ISIC-2811,1,1
28.12,2812,F6.0358,NACE-28.12,ISIC-2812,1,1
28.13,2813,F6.0359,NACE-28.13,ISIC-2813,1,1
28.14,2813,F6.0360,NACE-28.14,ISIC-2813,1,1
28.15,2814,F6.0361,NACE-28.15,ISIC-2814,1,1
28.2,281,F6.0362,NACE-28.2,ISIC-281,1,1
28.21,2815,F6.0363,NACE-28.21,ISIC-2815,1,1
28.22,2816,F6.0364,NACE-28.22,ISIC-2816,1,1
28.23,2817,F6.0365,NACE-28.23,ISIC-2817,1,1
28.24,2818,F6.0366,NACE-28.24,ISIC-2818,1,1
28.25,2819,F6.0367,NACE-28.25,ISIC-2819,1,1
28.29,2819,F6.0368,NACE-28.29,ISIC-2819,1,1
28.3,282,F6.0369,NACE-28.3,ISIC-282,1,1
28.30,2821,F6.0370,NACE-28.30,ISIC-2821,1,1
28.4,282,F6.0371,NACE-28.4,ISIC-282,1,1
28.41,2822,F6.0372,NACE-28.41,ISIC-2822,1,1
28.49,2822,F6.0373,NACE-28.49,ISIC-2822,1,1
28.9,282,F6.0374,NACE-28.9,ISIC-282,1,1
28.91,2823,F6.0375,NACE-28.91,ISIC-2823,1,1
28.92,2824,F6.0376,NACE-28.92,ISIC-2824,1,1
28.93,2825,F6.0377,NACE-28.93,ISIC-2825,1,1
28.94,2826,F6.0378,NACE-28.94,ISIC-2826,1,1
28.95,2829,F6.0379,NACE-28.95,ISIC-2829,1,1
28.96,2829,F6.0380,NACE-28.96,ISIC-2829,1,1
28.99,2829,F6.0381,NACE-28.99,ISIC-2829,1,1
29,29,F6.0382,NACE-29,ISIC-29,1,1
29.1,291,F6.0383,NACE-29.1,ISIC-291,1,1
29.10,2910,F6.0384,NACE-29.10,ISIC-2910,1,1
29.2,292,F6.0385,NACE-29.2,ISIC-292,1,1
29.20,2920,F6.0386,NACE-29.20,ISIC-2920,1,1
29.3,293,F6.0387,NACE-29.3,ISIC-293,1,1
29.31,2930,F6.0388,NACE-29.31,ISIC-2930,1,1
29.32,2930,F6.0389,NACE-29.32,ISIC-2930,1,1
30,30,F6.0390,NACE-30,ISIC-30,1,1
30.1,301,F6.0391,NACE-30.1,ISIC-301,1,1
30.11,3011,F6.0392,NACE-30.11,ISIC-3011,1,1
30.12,3012,F6.0393,NACE-30.12,ISIC-3012,1,1
30.2,302,F6.0394,NACE-30.2,ISIC-302,1,1
30.20,3020,F6.0395,NACE-30.20,ISIC-3020,1,1
30.3,303,F6.0396,NACE-30.3,ISIC-303,1,1
30.30,3030,F6.0397,NACE-30.30,ISIC-3030,1,1
30.4,304,F6.0398,NACE-30.4,ISIC-304,1,1
30.40,3040,F6.0399,NACE-30.40,ISIC-3040,1,1
30.9,309,F6.0400,NACE-30.9,ISIC-309,1,1
30.91,3091,F6.0401,NACE-30.91,ISIC-3091,1,1
30.92,3092,F6.0402,NACE-30.92,ISIC-3092,1,1
30.99,3099,F6.0403,NACE-30.99,ISIC-3099,1,1
31,31,F6.0404,NACE-31,ISIC-31,1,1
31.0,310,F6.0405,NACE-31.0,ISIC-310,1,1
31.01,3100,F6.0406,NACE-31.01,ISIC-3100,1,1
31.02,3100,F6.0407,NACE-31.02,ISIC-3100,1,1
31.03,3100,F6.0408,NACE-31.03,ISIC-3100,1,1
31.09,3100,F6.0409,NACE-31.09,ISIC-3100,1,1
32,32,F6.0410,NACE-32,ISIC-32,1,1
32.1,321,F6.0411,NACE-32.1,ISIC-321,1,1
32.11,3211,F6.0412,NACE-32.11,ISIC-3211,1,1
32.12,3211,F6.0413,NACE-32.12,ISIC-3211,1,1
32.13,3212,F6.0414,NACE-32.13,ISIC-3212,1,1
32.2,322,F6.0415,NACE-32.2,ISIC-322,1,1
32.20,3220,F6.0416,NACE-32.20,ISIC-3220,1,1
32.3,323,F6.0417,NACE-32.3,ISIC-323,1,1
32.30,3230,F6.0418,NACE-32.30,ISIC-3230,1,1
32.4,324,F6.0419,NACE-32.4,ISIC-324,1,1
32.40,3240,F6.0420,NACE-32.40,ISIC-3240,1,1
32.5,325,F6.0421,NACE-32.5,ISIC-325,1,1
32.50,3250,F6.0422,NACE-32.50,ISIC-3250,1,1
32.9,329,F6.0423,NACE-32.9,ISIC-329,1,1
32.91,3290,F6.0424,NACE-32.91,ISIC-3290,1,1
32.99,3290,F6.0425,NACE-32.99,ISIC-3290,1,1
33,33,F6.0426,NACE-33,ISIC-33,1,1
33.1,331,F6.0427,NACE-33.1,ISIC-331,1,1
33.11,3311,F6.0428,NACE-33.11,ISIC-3311,1,1
33.12,3312,F6.0429,NACE-33.12,ISIC-3312,1,1
33.13,3313,F6.0430,NACE-33.13,ISIC-3313,1,1
33.14,3314,F6.0431,NACE-33.14,ISIC-3314,1,1
33.15,3315,F6.0432,NACE-33.15,ISIC-3315,1,1
33.16,3315,F6.0433,NACE-33.16,ISIC-3315,1,1
33.17,3315,F6.0434,NACE-33.17,ISIC-3315,1,1
33.19,3319,F6.0435,NACE-33.19,ISIC-3319,1,1
33.2,332,F6.0436,NACE-33.2,ISIC-332,1,1
33.20,3320,F6.0437,NACE-33.20,ISIC-3320,1,1
D,D,F6.0438,NACE-D,ISIC-D,1,1
35,35,F6.0439,NACE-35,ISIC-35,1,1
35.1,351,F6.0440,NACE-35.1,ISIC-351,1,1
35.11,3510,F6.0441,NACE-35.11,ISIC-3510,1,1
35.12,3510,F6.0442,NACE-35.12,ISIC-3510,1,1
35.13,3510,F6.0443,NACE-35.13,ISIC-3510,1,1
35.14,3510,F6.0444,NACE-35.14,ISIC-3510,1,1
35.2,352,F6.0445,NACE-35.2,ISIC-352,1,1
35.21,3520,F6.0446,NACE-35.21,ISIC-3520,1,1
35.22,3520,F6.0447,NACE-35.22,ISIC-3520,1,1
35.23,3520,F6.0448,NACE-35.23,ISIC-3520,1,1
35.3,353,F6.0449,NACE-35.3,ISIC-353,1,1
35.30,3530,F6.0450,NACE-35.30,ISIC-3530,1,1
E,E,F6.0451,NACE-E,ISIC-E,1,1
36,36,F6.0452,NACE-36,ISIC-36,1,1
36.0,360,F6.0453,NACE-36.0,ISIC-360,1,1
36.00,3600,F6.0454,NACE-36.00,ISIC-3600,1,1
37,37,F6.0455,NACE-37,ISIC-37,1,1
37.0,370,F6.0456,NACE-37.0,ISIC-370,1,1
37.00,3700,F6.0457,NACE-37.00,ISIC-3700,1,1
38,38,F6.0458,NACE-38,ISIC-38,1,1
38.1,381,F6.0459,NACE-38.1,ISIC-381,1,1
38.11,3811,F6.0460,NACE-38.11,ISIC-3811,1,1
38.12,3812,F6.0461,NACE-38.12,ISIC-3812,1,1
38.2,382,F6.0462,NACE-38.2,ISIC-382,1,1
38.21,3821,F6.0463,NACE-38.21,ISIC-3821,1,1
38.22,3822,F6.0464,NACE-38.22,ISIC-3822,1,1
38.3,383,F6.0465,NACE-38.3,ISIC-383,1,1
38.31,3830,F6.0466,NACE-38.31,ISIC-3830,1,1
38.32,3830,F6.0467,NACE-38.32,ISIC-3830,1,1
39,39,F6.0468,NACE-39,ISIC-39,1,1
39.0,390,F6.0469,NACE-39.0,ISIC-390,1,1
39.00,3900,F6.0470,NACE-39.00,ISIC-3900,1,1
F,F,F6.0471,NACE-F,ISIC-F,1,1
41,41,F6.0472,NACE-41,ISIC-41,1,1
41.1,410,F6.0473,NACE-41.1,ISIC-410,1,1
41.10,4100,F6.0474,NACE-41.10,ISIC-4100,1,1
41.2,410,F6.0475,NACE-41.2,ISIC-410,1,1
41.20,4100,F6.0476,NACE-41.20,ISIC-4100,1,1
42,42,F6.0477,NACE-42,ISIC-42,1,1
42.1,421,F6.0478,NACE-42.1,ISIC-421,1,1
42.11,4210,F6.0479,NACE-42.11,ISIC-4210,1,1
42.12,4210,F6.0480,NACE-42.12,ISIC-4210,1,1
42.13,4210,F6.0481,NACE-42.13,ISIC-4210,1,1
42.2,422,F6.0482,NACE-42.2,ISIC-422,1,1
42.21,4220,F6.0483,NACE-42.21,ISIC-4220,1,1
42.22,4220,F6.0484,NACE-42.22,ISIC-4220,1,1
42.9,429,F6.0485,NACE-42.9,ISIC-429,1,1
42.91,4290,F6.0486,NACE-42.91,ISIC-4290,1,1
42.99,4290,F6.0487,NACE-42.99,ISIC-4290,1,1
43,43,F6.0488,NACE-43,ISIC-43,1,1
43.1,431,F6.0489,NACE-43.1,ISIC-431,1,1
43.11,4311,F6.0490,NACE-43.11,ISIC-4311,1,1
43.12,4312,F6.0491,NACE-43.12,ISIC-4312,1,1
43.13,4312,F6.0492,NACE-43.13,ISIC-4312,1,1
43.2,432,F6.0493,NACE-43.2,ISIC-432,1,1
43.21,4321,F6.0494,NACE-43.21,ISIC-4321,1,1
43.22,4322,F6.0495,NACE-43.22,ISIC-4322,1,1
43.29,4329,F6.0496,NACE-43.29,ISIC-4329,1,1
43.3,433,F6.0497,NACE-43.3,ISIC-433,1,1
43.31,4330,F6.0498,NACE-43.31,ISIC-4330,1,1
43.32,4330,F6.0499,NACE-43.32,ISIC-4330,1,1
43.33,4330,F6.0500,NACE-43.33,ISIC-4330,1,1
43.34,4330,F6.0501,NACE-43.34,ISIC-4330,1,1
43.39,4330,F6.0502,NACE-43.39,ISIC-4330,1,1
43.9,439,F6.0503,NACE-43.9,ISIC-439,1,1
43.91,4390,F6.0504,NACE-43.91,ISIC-4390,1,1
43.99,4390,F6.0505,NACE-43.99,ISIC-4390,1,1
G,G,F6.0506,NACE-G,ISIC-G,1,1
45,45,F6.0507,NACE-45,ISIC-45,1,1
45.1,451,F6.0508,NACE-45.1,ISIC-451,1,1
45.11,4510,F6.0509,NACE-45.11,ISIC-4510,1,1
45.19,4510,F6.0510,NACE-45.19,ISIC-4510,1,1
45.2,452,F6.0511,NACE-45.2,ISIC-452,1,1
45.20,4520,F6.0512,NACE-45.20,ISIC-4520,1,1
45.3,453,F6.0513,NACE-45.3,ISIC-453,1,1
45.31,4530,F6.0514,NACE-45.31,ISIC-4530,1,1
45.32,4530,F6.0515,NACE-45.32,ISIC-4530,1,1
45.4,454,F6.0516,NACE-45.4,ISIC-454,1,1
45.40,4540,F6.0517,NACE-45.40,ISIC-4540,1,1
46,46,F6.0518,NACE-46,ISIC-46,1,1
46.1,461,F6.0519,NACE-46.1,ISIC-461,1,1
46.11,4610,F6.0520,NACE-46.11,ISIC-4610,1,1
46.12,4610,F6.0521,NACE-46.12,ISIC-4610,1,1
46.13,4610,F6.0522,NACE-46.13,ISIC-4610,1,1
46.14,4610,F6.0523,NACE-46.14,ISIC-4610,1,1
46.15,4610,F6.0524,NACE-46.15,ISIC-4610,1,1
46.16,4610,F6.0525,NACE-46.16,ISIC-4610,1,1
46.17,4610,F6.0526,NACE-46.17,ISIC-4610,1,1
46.18,4610,F6.0527,NACE-46.18,ISIC-4610,1,1
46.19,4610,F6.0528,NACE-46.19,ISIC-4610,1,1
46.2,462,F6.0529,NACE-46.2,ISIC-462,1,1
46.21,4620,F6.0530,NACE-46.21,ISIC-4620,1,1
46.22,4620,F6.0531,NACE-46.22,ISIC-4620,1,1
46.23,4620,F6.0532,NACE-46.23,ISIC-4620,1,1
46.24,4620,F6.0533,NACE-46.24,ISIC-4620,1,1
46.3,463,F6.0534,NACE-46.3,ISIC-463,1,1
46.31,4630,F6.0535,NACE-46.31,ISIC-4630,1,1
46.32,4630,F6.0536,NACE-46.32,ISIC-4630,1,1
46.33,4630,F6.0537,NACE-46.33,ISIC-4630,1,1
46.34,4630,F6.0538,NACE-46.34,ISIC-4630,1,1
46.35,4630,F6.0539,NACE-46.35,ISIC-4630,1,1
46.36,4630,F6.0540,NACE-46.36,ISIC-4630,1,1
46.37,4630,F6.0541,NACE-46.37,ISIC-4630,1,1
46.38,4630,F6.0542,NACE-46.38,ISIC-4630,1,1
46.39,4630,F6.0543,NACE-46.39,ISIC-4630,1,1
46.4,464,F6.0544,NACE-46.4,ISIC-464,1,1
46.41,4641,F6.0545,NACE-46.41,ISIC-4641,1,1
46.42,4641,F6.0546,NACE-46.42,ISIC-4641,1,1
46.43,4649,F6.0547,NACE-46.43,ISIC-4649,1,1
46.44,4649,F6.0548,NACE-46.44,ISIC-4649,1,1
46.45,4649,F6.0549,NACE-46.45,ISIC-4649,1,1
46.46,4649,F6.0550,NACE-46.46,ISIC-4649,1,1
46.47,4649,F6.0551,NACE-46.47,ISIC-4649,1,1
46.48,4649,F6.0552,NACE-46.48,ISIC-4649,1,1
46.49,4649,F6.0553,NACE-46.49,ISIC-4649,1,1
46.5,465,F6.0554,NACE-46.5,ISIC-465,1,1
46.51,4651,F6.0555,NACE-46.51,ISIC-4651,1,1
46.52,4652,F6.0556,NACE-46.52,ISIC-4652,1,1
46.6,466,F6.0557,NACE-46.6,ISIC-466,1,1
46.61,4653,F6.0558,NACE-46.61,ISIC-4653,1,1
46.62,4659,F6.0559,NACE-46.62,ISIC-4659,1,1
46.63,4659,F6.0560,NACE-46.63,ISIC-4659,1,1
46.64,4659,F6.0561,NACE-46.64,ISIC-4659,1,1
46.65,4659,F6.0562,NACE-46.65,ISIC-4659,1,1
46.66,4659,F6.0563,NACE-46.66,ISIC-4659,1,1
46.69,4659,F6.0564,NACE-46.69,ISIC-4659,1,1
46.7,466,F6.0565,NACE-46.7,ISIC-466,1,1
46.71,4661,F6.0566,NACE-46.71,ISIC-4661,1,1
46.72,4662,F6.0567,NACE-46.72,ISIC-4662,1,1
46.73,4663,F6.0568,NACE-46.73,ISIC-4663,1,1
46.74,4663,F6.0569,NACE-46.74,ISIC-4663,1,1
46.75,4669,F6.0570,NACE-46.75,ISIC-4669,1,1
46.76,4669,F6.0571,NACE-46.76,ISIC-4669,1,1
46.77,4669,F6.0572,NACE-46.77,ISIC-4669,1,1
46.9,469,F6.0573,NACE-46.9,ISIC-469,1,1
46.90,4690,F6.0574,NACE-46.90,ISIC-4690,1,1
47,47,F6.0575,NACE-47,ISIC-47,1,1
47.1,471,F6.0576,NACE-47.1,ISIC-471,1,1
47.11,4711,F6.0577,NACE-47.11,ISIC-4711,1,1
47.19,4719,F6.0578,NACE-47.19,ISIC-4719,1,1
47.2,472,F6.0579,NACE-47.2,ISIC-472,1,1
47.21,4721,F6.0580,NACE-47.21,ISIC-4721,1,1
47.22,4721,F6.0581,NACE-47.22,ISIC-4721,1,1
47.23,4721,F6.0582,NACE-47.23,ISIC-4721,1,1
47.24,4721,F6.0583,NACE-47.24,ISIC-4721,1,1
47.25,4722,F6.0584,NACE-47.25,ISIC-4722,1,1
47.26,4723,F6.0585,NACE-47.26,ISIC-4723,1,1
47.29,4721,F6.0586,NACE-47.29,ISIC-4721,1,1
47.3,473,F6.0587,NACE-47.3,ISIC-473,1,1
47.30,4730,F6.0588,NACE-47.30,ISIC-4730,1,1
47.4,474,F6.0589,NACE-47.4,ISIC-474,1,1
47.41,4741,F6.0590,NACE-47.41,ISIC-4741,1,1
47.42,4741,F6.0591,NACE-47.42,ISIC-4741,1,1
47.43,4742,F6.0592,NACE-47.43,ISIC-4742,1,1
47.5,475,F6.0593,NACE-47.5,ISIC-475,1,1
47.51,4751,F6.0594,NACE-47.51,ISIC-4751,1,1
47.52,4752,F6.0595,NACE-47.52,ISIC-4752,1,1
47.53,4753,F6.0596,NACE-47.53,ISIC-4753,1,1
47.54,4759,F6.0597,NACE-47.54,ISIC-4759,1,1
47.59,4759,F6.0598,NACE-47.59,ISIC-4759,1,1
47.6,476,F6.0599,NACE-47.6,ISIC-476,1,1
47.61,4761,F6.0600,NACE-47.61,ISIC-4761,1,1
47.62,4761,F6.0601,NACE-47.62,ISIC-4761,1,1
47.63,4762,F6.0602,NACE-47.63,ISIC-4762,1,1
47.64,4763,F6.0603,NACE-47.64,ISIC-4763,1,1
47.65,4764,F6.0604,NACE-47.65,ISIC-4764,1,1
47.7,477,F6.0605,NACE-47.7,ISIC-477,1,1
47.71,4771,F6.0606,NACE-47.71,ISIC-4771,1,1
47.72,4771,F6.0607,NACE-47.72,ISIC-4771,1,1
47.73,4772,F6.0608,NACE-47.73,ISIC-4772,1,1
47.74,4772,F6.0609,NACE-47.74,ISIC-4772,1,1
47.75,4772,F6.0610,NACE-47.75,ISIC-4772,1,1
47.76,4773,F6.0611,NACE-47.76,ISIC-4773,1,1
47.77,4773,F6.0612,NACE-47.77,ISIC-4773,1,1
47.78,4773,F6.0613,NACE-47.78,ISIC-4773,1,1
47.79,4774,F6.0614,NACE-47.79,ISIC-4774,1,1
47.8,478,F6.0615,NACE-47.8,ISIC-478,1,1
47.81,4781,F6.0616,NACE-47.81,ISIC-4781,1,1
47.82,4782,F6.0617,NACE-47.82,ISIC-4782,1,1
47.89,4789,F6.0618,NACE-47.89,ISIC-4789,1,1
47.9,479,F6.0619,NACE-47.9,ISIC-479,1,1
47.91,4791,F6.0620,NACE-47.91,ISIC-4791,1,1
47.99,4799,F6.0621,NACE-47.99,ISIC-4799,1,1
H,H,F6.0622,NACE-H,ISIC-H,1,1
49,49,F6.0623,NACE-49,ISIC-49,1,1
49.1,491,F6.0624,NACE-49.1,ISIC-491,1,1
49.10,4911,F6.0625,NACE-49.10,ISIC-4911,1,1
49.2,491,F6.0626,NACE-49.2,ISIC-491,1,1
49.20,4912,F6.0627,NACE-49.20,ISIC-4912,1,1
49.3,492,F6.0628,NACE-49.3,ISIC-492,1,1
49.31,4921,F6.0629,NACE-49.31,ISIC-4921,1,1
49.32,4922,F6.0630,NACE-49.32,ISIC-4922,1,1
49.39,4922,F6.0631,NACE-49.39,ISIC-4922,1,1
49.4,492,F6.0632,NACE-49.4,ISIC-492,1,1
49.41,4923,F6.0633,NACE-49.41,ISIC-4923,1,1
49.42,4923,F6.0634,NACE-49.42,ISIC-4923,1,1
49.5,493,F6.0635,NACE-49.5,ISIC-493,1,1
49.50,4930,F6.0636,NACE-49.50,ISIC-4930,1,1
50,50,F6.0637,NACE-50,ISIC-50,1,1
50.1,501,F6.0638,NACE-50.1,ISIC-501,1,1
50.10,5011,F6.0639,NACE-50.10,ISIC-5011,1,1
50.2,501,F6.0640,NACE-50.2,ISIC-501,1,1
50.20,5012,F6.0641,NACE-50.20,ISIC-5012,1,1
50.3,502,F6.0642,NACE-50.3,ISIC-502,1,1
50.30,5021,F6.0643,NACE-50.30,ISIC-5021,1,1
50.4,502,F6.0644,NACE-50.4,ISIC-502,1,1
50.40,5022,F6.0645,NACE-50.40,ISIC-5022,1,1
51,51,F6.0646,NACE-51,ISIC-51,1,1
51.1,511,F6.0647,NACE-51.1,ISIC-511,1,1
51.10,5110,F6.0648,NACE-51.10,ISIC-5110,1,1
51.2,512,F6.0649,NACE-51.2,ISIC-512,1,1
51.21,5120,F6.0650,NACE-51.21,ISIC-5120,1,1
51.22,5120,F6.0651,NACE-51.22,ISIC-5120,1,1
52,52,F6.0652,NACE-52,ISIC-52,1,1
52.1,521,F6.0653,NACE-52.1,ISIC-521,1,1
52.10,5210,F6.0654,NACE-52.10,ISIC-5210,1,1
52.2,522,F6.0655,NACE-52.2,ISIC-522,1,1
52.21,5221,F6.0656,NACE-52.21,ISIC-5221,1,1
52.22,5222,F6.0657,NACE-52.22,ISIC-5222,1,1
52.23,5223,F6.0658,NACE-52.23,ISIC-5223,1,1
52.24,5224,F6.0659,NACE-52.24,ISIC-5224,1,1
52.29,5229,F6.0660,NACE-52.29,ISIC-5229,1,1
53,53,F6.0661,NACE-53,ISIC-53,1,1
53.1,531,F6.0662,NACE-53.1,ISIC-531,1,1
53.10,5310,F6.0663,NACE-53.10,ISIC-5310,1,1
53.2,532,F6.0664,NACE-53.2,ISIC-532,1,1
53.20,5320,F6.0665,NACE-53.20,ISIC-5320,1,1
I,I,F6.0666,NACE-I,ISIC-I,1,1
55,55,F6.0667,NACE-55,ISIC-55,1,1
55.1,551,F6.0668,NACE-55.1,ISIC-551,1,1
55.10,5510,F6.0669,NACE-55.10,ISIC-5510,1,1
55.2,551,F6.0670,NACE-55.2,ISIC-551,1,1
55.20,5510,F6.0671,NACE-55.20,ISIC-5510,1,1
55.3,552,F6.0672,NACE-55.3,ISIC-552,1,1
55.30,5520,F6.0673,NACE-55.30,ISIC-5520,1,1
55.9,559,F6.0674,NACE-55.9,ISIC-559,1,1
55.90,5590,F6.0675,NACE-55.90,ISIC-5590,1,1
56,56,F6.0676,NACE-56,ISIC-56,1,1
56.1,561,F6.0677,NACE-56.1,ISIC-561,1,1
56.10,5610,F6.0678,NACE-56.10,ISIC-5610,1,1
56.2,562,F6.0679,NACE-56.2,ISIC-562,1,1
56.21,5621,F6.0680,NACE-56.21,ISIC-5621,1,1
56.29,5629,F6.0681,NACE-56.29,ISIC-5629,1,1
56.3,563,F6.0682,NACE-56.3,ISIC-563,1,1
56.30,5630,F6.0683,NACE-56.30,ISIC-5630,1,1
J,J,F6.0684,NACE-J,ISIC-J,1,1
58,58,F6.0685,NACE-58,ISIC-58,1,1
58.1,581,F6.0686,NACE-58.1,ISIC-581,1,1
58.11,5811,F6.0687,NACE-58.11,ISIC-5811,1,1
58.12,5812,F6.0688,NACE-58.12,ISIC-5812,1,1
58.13,5813,F6.0689,NACE-58.13,ISIC-5813,1,1
58.14,5813,F6.0690,NACE-58.14,ISIC-5813,1,1
58.19,5819,F6.0691,NACE-58.19,ISIC-5819,1,1
58.2,582,F6.0692,NACE-58.2,ISIC-582,1,1
58.21,5820,F6.0693,NACE-58.21,ISIC-5820,1,1
58.29,5820,F6.0694,NACE-58.29,ISIC-5820,1,1
59,59,F6.0695,NACE-59,ISIC-59,1,1
59.1,591,F6.0696,NACE-59.1,ISIC-591,1,1
59.11,5911,F6.0697,NACE-59.11,ISIC-5911,1,1
59.12,5912,F6.0698,NACE-59.12,ISIC-5912,1,1
59.13,5913,F6.0699,NACE-59.13,ISIC-5913,1,1
59.14,5914,F6.0700,NACE-59.14,ISIC-5914,1,1
59.2,592,F6.0701,NACE-59.2,ISIC-592,1,1
59.20,5920,F6.0702,NACE-59.20,ISIC-5920,1,1
60,60,F6.0703,NACE-60,ISIC-60,1,1
60.1,601,F6.0704,NACE-60.1,ISIC-601,1,1
60.10,6010,F6.0705,NACE-60.10,ISIC-6010,1,1
60.2,602,F6.0706,NACE-60.2,ISIC-602,1,1
60.20,6020,F6.0707,NACE-60.20,ISIC-6020,1,1
61,61,F6.0708,NACE-61,ISIC-61,1,1
61.1,611,F6.0709,NACE-61.1,ISIC-611,1,1
61.10,6110,F6.0710,NACE-61.10,ISIC-6110,1,1
61.2,612,F6.0711,NACE-61.2,ISIC-612,1,1
61.20,6120,F6.0712,NACE-61.20,ISIC-6120,1,1
61.3,613,F6.0713,NACE-61.3,ISIC-613,1,1
61.30,6130,F6.0714,NACE-61.30,ISIC-6130,1,1
61.9,619,F6.0715,NACE-61.9,ISIC-619,1,1
61.90,6190,F6.0716,NACE-61.90,ISIC-6190,1,1
62,62,F6.0717,NACE-62,ISIC-62,1,1
62.0,620,F6.0718,NACE-62.0,ISIC-620,1,1
62.01,6201,F6.0719,NACE-62.01,ISIC-6201,1,1
62.02,6202,F6.0720,NACE-62.02,ISIC-6202,1,1
62.03,6202,F6.0721,NACE-62.03,ISIC-6202,1,1
62.09,6209,F6.0722,NACE-62.09,ISIC-6209,1,1
63,63,F6.0723,NACE-63,ISIC-63,1,1
63.1,631,F6.0724,NACE-63.1,ISIC-631,1,1
63.11,6311,F6.0725,NACE-63.11,ISIC-6311,1,1
63.12,6312,F6.0726,NACE-63.12,ISIC-6312,1,1
63.9,639,F6.0727,NACE-63.9,ISIC-639,1,1
63.91,6391,F6.0728,NACE-63.91,ISIC-6391,1,1
63.99,6399,F6.0729,NACE-63.99,ISIC-6399,1,1
K,K,F6.0730,NACE-K,ISIC-K,1,1
64,64,F6.0731,NACE-64,ISIC-64,1,1
64.1,641,F6.0732,NACE-64.1,ISIC-641,1,1
64.11,6411,F6.0733,NACE-64.11,ISIC-6411,1,1
64.19,6419,F6.0734,NACE-64.19,ISIC-6419,1,1
64.2,642,F6.0735,NACE-64.2,ISIC-642,1,1
64.20,6420,F6.0736,NACE-64.20,ISIC-6420,1,1
64.3,643,F6.0737,NACE-64.3,ISIC-643,1,1
64.30,6430,F6.0738,NACE-64.30,ISIC-6430,1,1
64.9,649,F6.0739,NACE-64.9,ISIC-649,1,1
64.91,6491,F6.0740,NACE-64.91,ISIC-6491,1,1
64.92,6492,F6.0741,NACE-64.92,ISIC-6492,1,1
64.99,6499,F6.0742,NACE-64.99,ISIC-6499,1,1
65,65,F6.0743,NACE-65,ISIC-65,1,1
65.1,651,F6.0744,NACE-65.1,ISIC-651,1,1
65.11,6511,F6.0745,NACE-65.11,ISIC-6511,1,1
65.12,6512,F6.0746,NACE-65.12,ISIC-6512,1,1
65.2,652,F6.0747,NACE-65.2,ISIC-652,1,1
65.20,6520,F6.0748,NACE-65.20,ISIC-6520,1,1
65.3,653,F6.0749,NACE-65.3,ISIC-653,1,1
65.30,6530,F6.0750,NACE-65.30,ISIC-6530,1,1
66,66,F6.0751,NACE-66,ISIC-66,1,1
66.1,661,F6.0752,NACE-66.1,ISIC-661,1,1
66.11,6611,F6.0753,NACE-66.11,ISIC-6611,1,1
66.12,6612,F6.0754,NACE-66.12,ISIC-6612,1,1
66.19,6619,F6.0755,NACE-66.19,ISIC-6619,1,1
66.2,662,F6.0756,NACE-66.2,ISIC-662,1,1
66.21,6621,F6.0757,NACE-66.21,ISIC-6621,1,1
66.22,6622,F6.0758,NACE-66.22,ISIC-6622,1,1
66.29,6629,F6.0759,NACE-66.29,ISIC-6629,1,1
66.3,663,F6.0760,NACE-66.3,ISIC-663,1,1
66.30,6630,F6.0761,NACE-66.30,ISIC-6630,1,1
L,L,F6.0762,NACE-L,ISIC-L,1,1
68,68,F6.0763,NACE-68,ISIC-68,1,1
68.1,681,F6.0764,NACE-68.1,ISIC-681,1,1
68.10,6810,F6.0765,NACE-68.10,ISIC-6810,1,1
68.2,681,F6.0766,NACE-68.2,ISIC-681,1,1
68.20,6810,F6.0767,NACE-68.20,ISIC-6810,1,1
68.3,682,F6.0768,NACE-68.3,ISIC-682,1,1
68.31,6820,F6.0769,NACE-68.31,ISIC-6820,1,1
68.32,6820,F6.0770,NACE-68.32,ISIC-6820,1,1
M,M,F6.0771,NACE-M,ISIC-M,1,1
69,69,F6.0772,NACE-69,ISIC-69,1,1
69.1,691,F6.0773,NACE-69.1,ISIC-691,1,1
69.10,6910,F6.0774,NACE-69.10,ISIC-6910,1,1
69.2,692,F6.0775,NACE-69.2,ISIC-692,1,1
69.20,6920,F6.0776,NACE-69.20,ISIC-6920,1,1
70,70,F6.0777,NACE-70,ISIC-70,1,1
70.1,701,F6.0778,NACE-70.1,ISIC-701,1,1
70.10,7010,F6.0779,NACE-70.10,ISIC-7010,1,1
70.2,702,F6.0780,NACE-70.2,ISIC-702,1,1
70.21,7020,F6.0781,NACE-70.21,ISIC-7020,1,1
70.22,7020,F6.0782,NACE-70.22,ISIC-7020,1,1
71,71,F6.0783,NACE-71,ISIC-71,1,1
71.1,711,F6.0784,NACE-71.1,ISIC-711,1,1
71.11,7110,F6.0785,NACE-71.11,ISIC-7110,1,1
71.12,7110,F6.0786,NACE-71.12,ISIC-7110,1,1
71.2,712,F6.0787,NACE-71.2,ISIC-712,1,1
71.20,7120,F6.0788,NACE-71.20,ISIC-7120,1,1
72,72,F6.0789,NACE-72,ISIC-72,1,1
72.1,721,F6.0790,NACE-72.1,ISIC-721,1,1
72.11,7210,F6.0791,NACE-72.11,ISIC-7210,1,1
72.19,7210,F6.0792,NACE-72.19,ISIC-7210,1,1
72.2,722,F6.0793,NACE-72.2,ISIC-722,1,1
72.20,7220,F6.0794,NACE-72.20,ISIC-7220,1,1
73,73,F6.0795,NACE-73,ISIC-73,1,1
73.1,731,F6.0796,NACE-73.1,ISIC-731,1,1
73.11,7310,F6.0797,NACE-73.11,ISIC-7310,1,1
73.12,7310,F6.0798,NACE-73.12,ISIC-7310,1,1
73.2,732,F6.0799,NACE-73.2,ISIC-732,1,1
73.20,7320,F6.0800,NACE-73.20,ISIC-7320,1,1
74,74,F6.0801,NACE-74,ISIC-74,1,1
74.1,741,F6.0802,NACE-74.1,ISIC-741,1,1
74.10,7410,F6.0803,NACE-74.10,ISIC-7410,1,1
74.2,742,F6.0804,NACE-74.2,ISIC-742,1,1
74.20,7420,F6.0805,NACE-74.20,ISIC-7420,1,1
74.3,749,F6.0806,NACE-74.3,ISIC-749,1,1
74.30,7490,F6.0807,NACE-74.30,ISIC-7490,1,1
74.9,749,F6.0808,NACE-74.9,ISIC-749,1,1
74.90,7490,F6.0809,NACE-74.90,ISIC-7490,1,1
75,75,F6.0810,NACE-75,ISIC-75,1,1
75.0,750,F6.0811,NACE-75.0,ISIC-750,1,1
75.00,7500,F6.0812,NACE-75.00,ISIC-7500,1,1
N,N,F6.0813,NACE-N,ISIC-N,1,1
77,77,F6.0814,NACE-77,ISIC-77,1,1
77.1,771,F6.0815,NACE-77.1,ISIC-771,1,1
77.11,7710,F6.0816,NACE-77.11,ISIC-7710,1,1
77.12,7710,F6.0817,NACE-77.12,ISIC-7710,1,1
77.2,772,F6.0818,NACE-77.2,ISIC-772,1,1
77.21,7721,F6.0819,NACE-77.21,ISIC-7721,1,1
77.22,7722,F6.0820,NACE-77.22,ISIC-7722,1,1
77.29,7729,F6.0821,NACE-77.29,ISIC-7729,1,1
77.3,773,F6.0822,NACE-77.3,ISIC-773,1,1
77.31,7730,F6.0823,NACE-77.31,ISIC-7730,1,1
77.32,7730,F6.0824,NACE-77.32,ISIC-7730,1,1
77.33,7730,F6.0825,NACE-77.33,ISIC-7730,1,1
77.34,7730,F6.0826,NACE-77.34,ISIC-7730,1,1
77.35,7730,F6.0827,NACE-77.35,ISIC-7730,1,1
77.39,7730,F6.0828,NACE-77.39,ISIC-7730,1,1
77.4,774,F6.0829,NACE-77.4,ISIC-774,1,1
77.40,7740,F6.0830,NACE-77.40,ISIC-7740,1,1
78,78,F6.0831,NACE-78,ISIC-78,1,1
78.1,781,F6.0832,NACE-78.1,ISIC-781,1,1
78.10,7810,F6.0833,NACE-78.10,ISIC-7810,1,1
78.2,782,F6.0834,NACE-78.2,ISIC-782,1,1
78.20,7820,F6.0835,NACE-78.20,ISIC-7820,1,1
78.3,783,F6.0836,NACE-78.3,ISIC-783,1,1
78.30,7830,F6.0837,NACE-78.30,ISIC-7830,1,1
79,79,F6.0838,NACE-79,ISIC-79,1,1
79.1,791,F6.0839,NACE-79.1,ISIC-791,1,1
79.11,7911,F6.0840,NACE-79.11,ISIC-7911,1,1
79.12,7912,F6.0841,NACE-79.12,ISIC-7912,1,1
79.9,799,F6.0842,NACE-79.9,ISIC-799,1,1
79.90,7990,F6.0843,NACE-79.90,ISIC-7990,1,1
80,80,F6.0844,NACE-80,ISIC-80,1,1
80.1,801,F6.0845,NACE-80.1,ISIC-801,1,1
80.10,8010,F6.0846,NACE-80.10,ISIC-8010,1,1
80.2,802,F6.0847,NACE-80.2,ISIC-802,1,1
80.20,8020,F6.0848,NACE-80.20,ISIC-8020,1,1
80.3,803,F6.0849,NACE-80.3,ISIC-803,1,1
80.30,8030,F6.0850,NACE-80.30,ISIC-8030,1,1
81,81,F6.0851,NACE-81,ISIC-81,1,1
81.1,811,F6.0852,NACE-81.1,ISIC-811,1,1
81.10,8110,F6.0853,NACE-81.10,ISIC-8110,1,1
81.2,812,F6.0854,NACE-81.2,ISIC-812,1,1
81.21,8121,F6.0855,NACE-81.21,ISIC-8121,1,1
81.22,8129,F6.0856,NACE-81.22,ISIC-8129,1,1
81.29,8129,F6.0857,NACE-81.29,ISIC-8129,1,1
81.3,813,F6.0858,NACE-81.3,ISIC-813,1,1
81.30,8130,F6.0859,NACE-81.30,ISIC-8130,1,1
82,82,F6.0860,NACE-82,ISIC-82,1,1
82.1,821,F6.0861,NACE-82.1,ISIC-821,1,1
82.11,8211,F6.0862,NACE-82.11,ISIC-8211,1,1
82.19,8219,F6.0863,NACE-82.19,ISIC-8219,1,1
82.2,822,F6.0864,NACE-82.2,ISIC-822,1,1
82.20,8220,F6.0865,NACE-82.20,ISIC-8220,1,1
82.3,823,F6.0866,NACE-82.3,ISIC-823,1,1
82.30,8230,F6.0867,NACE-82.30,ISIC-8230,1,1
82.9,829,F6.0868,NACE-82.9,ISIC-829,1,1
82.91,8291,F6.0869,NACE-82.91,ISIC-8291,1,1
82.92,8292,F6.0870,NACE-82.92,ISIC-8292,1,1
82.99,8299,F6.0871,NACE-82.99,ISIC-8299,1,1
O,O,F6.0872,NACE-O,ISIC-O,1,1
84,84,F6.0873,NACE-84,ISIC-84,1,1
84.1,841,F6.0874,NACE-84.1,ISIC-841,1,1
84.11,8411,F6.0875,NACE-84.11,ISIC-8411,1,1
84.12,8412,F6.0876,NACE-84.12,ISIC-8412,1,1
84.13,8413,F6.0877,NACE-84.13,ISIC-8413,1,1
84.2,842,F6.0878,NACE-84.2,ISIC-842,1,1
84.21,8421,F6.0879,NACE-84.21,ISIC-8421,1,1
84.22,8422,F6.0880,NACE-84.22,ISIC-8422,1,1
84.23,8423,F6.0881,NACE-84.23,ISIC-8423,1,1
84.24,8423,F6.0882,NACE-84.24,ISIC-8423,1,1
84.25,8423,F6.0883,NACE-84.25,ISIC-8423,1,1
84.3,843,F6.0884,NACE-84.3,ISIC-843,1,1
84.30,8430,F6.0885,NACE-84.30,ISIC-8430,1,1
P,P,F6.0886,NACE-P,ISIC-P,1,1
85,85,F6.0887,NACE-85,ISIC-85,1,1
85.1,851,F6.0888,NACE-85.1,ISIC-851,1,1
85.10,8510,F6.0889,NACE-85.10,ISIC-8510,1,1
85.2,851,F6.0890,NACE-85.2,ISIC-851,1,1
85.20,8510,F6.0891,NACE-85.20,ISIC-8510,1,1
85.3,852,F6.0892,NACE-85.3,ISIC-852,1,1
85.31,8521,F6.0893,NACE-85.31,ISIC-8521,1,1
85.32,8522,F6.0894,NACE-85.32,ISIC-8522,1,1
85.4,853,F6.0895,NACE-85.4,ISIC-853,1,1
85.41,8530,F6.0896,NACE-85.41,ISIC-8530,1,1
85.42,8530,F6.0897,NACE-85.42,ISIC-8530,1,1
85.5,854,F6.0898,NACE-85.5,ISIC-854,1,1
85.51,8541,F6.0899,NACE-85.51,ISIC-8541,1,1
85.52,8542,F6.0900,NACE-85.52,ISIC-8542,1,1
85.53,8549,F6.0901,NACE-85.53,ISIC-8549,1,1
85.59,8549,F6.0902,NACE-85.59,ISIC-8549,1,1
85.6,855,F6.0903,NACE-85.6,ISIC-855,1,1
85.60,8550,F6.0904,NACE-85.60,ISIC-8550,1,1
Q,Q,F6.0905,NACE-Q,ISIC-Q,1,1
86,86,F6.0906,NACE-86,ISIC-86,1,1
86.1,861,F6.0907,NACE-86.1,ISIC-861,1,1
86.10,8610,F6.0908,NACE-86.10,ISIC-8610,1,1
86.2,862,F6.0909,NACE-86.2,ISIC-862,1,1
86.21,8620,F6.0910,NACE-86.21,ISIC-8620,1,1
86.22,8620,F6.0911,NACE-86.22,ISIC-8620,1,1
86.23,8620,F6.0912,NACE-86.23,ISIC-8620,1,1
86.9,869,F6.0913,NACE-86.9,ISIC-869,1,1
86.90,8690,F6.0914,NACE-86.90,ISIC-8690,1,1
87,87,F6.0915,NACE-87,ISIC-87,1,1
87.1,871,F6.0916,NACE-87.1,ISIC-871,1,1
87.10,8710,F6.0917,NACE-87.10,ISIC-8710,1,1
87.2,872,F6.0918,NACE-87.2,ISIC-872,1,1
87.20,8720,F6.0919,NACE-87.20,ISIC-8720,1,1
87.3,873,F6.0920,NACE-87.3,ISIC-873,1,1
87.30,8730,F6.0921,NACE-87.30,ISIC-8730,1,1
87.9,879,F6.0922,NACE-87.9,ISIC-879,1,1
87.90,8790,F6.0923,NACE-87.90,ISIC-8790,1,1
88,88,F6.0924,NACE-88,ISIC-88,1,1
88.1,881,F6.0925,NACE-88.1,ISIC-881,1,1
88.10,8810,F6.0926,NACE-88.10,ISIC-8810,1,1
88.9,889,F6.0927,NACE-88.9,ISIC-889,1,1
88.91,8890,F6.0928,NACE-88.91,ISIC-8890,1,1
88.99,8890,F6.0929,NACE-88.99,ISIC-8890,1,1
R,R,F6.0930,NACE-R,ISIC-R,1,1
90,90,F6.0931,NACE-90,ISIC-90,1,1
90.0,900,F6.0932,NACE-90.0,ISIC-900,1,1
90.01,9000,F6.0933,NACE-90.01,ISIC-9000,1,1
90.02,9000,F6.0934,NACE-90.02,ISIC-9000,1,1
90.03,9000,F6.0935,NACE-90.03,ISIC-9000,1,1
90.04,9000,F6.0936,NACE-90.04,ISIC-9000,1,1
91,91,F6.0937,NACE-91,ISIC-91,1,1
91.0,910,F6.0938,NACE-91.0,ISIC-910,1,1
91.01,9101,F6.0939,NACE-91.01,ISIC-9101,1,1
91.02,9102,F6.0940,NACE-91.02,ISIC-9102,1,1
91.03,9102,F6.0941,NACE-91.03,ISIC-9102,1,1
91.04,9103,F6.0942,NACE-91.04,ISIC-9103,1,1
92,92,F6.0943,NACE-92,ISIC-92,1,1
92.0,920,F6.0944,NACE-92.0,ISIC-920,1,1
92.00,9200,F6.0945,NACE-92.00,ISIC-9200,1,1
93,93,F6.0946,NACE-93,ISIC-93,1,1
93.1,931,F6.0947,NACE-93.1,ISIC-931,1,1
93.11,9311,F6.0948,NACE-93.11,ISIC-9311,1,1
93.12,9312,F6.0949,NACE-93.12,ISIC-9312,1,1
93.13,9311,F6.0950,NACE-93.13,ISIC-9311,1,1
93.19,9319,F6.0951,NACE-93.19,ISIC-9319,1,1
93.2,932,F6.0952,NACE-93.2,ISIC-932,1,1
93.21,9321,F6.0953,NACE-93.21,ISIC-9321,1,1
93.29,9329,F6.0954,NACE-93.29,ISIC-9329,1,1
S,S,F6.0955,NACE-S,ISIC-S,1,1
94,94,F6.0956,NACE-94,ISIC-94,1,1
94.1,941,F6.0957,NACE-94.1,ISIC-941,1,1
94.11,9411,F6.0958,NACE-94.11,ISIC-9411,1,1
94.12,9412,F6.0959,NACE-94.12,ISIC-9412,1,1
94.2,942,F6.0960,NACE-94.2,ISIC-942,1,1
94.20,9420,F6.0961,NACE-94.20,ISIC-9420,1,1
94.9,949,F6.0962,NACE-94.9,ISIC-949,1,1
94.91,9491,F6.0963,NACE-94.91,ISIC-9491,1,1
94.92,9492,F6.0964,NACE-94.92,ISIC-9492,1,1
94.99,9499,F6.0965,NACE-94.99,ISIC-9499,1,1
95,95,F6.0966,NACE-95,ISIC-95,1,1
95.1,951,F6.0967,NACE-95.1,ISIC-951,1,1
95.11,9511,F6.0968,NACE-95.11,ISIC-9511,1,1
95.12,9512,F6.0969,NACE-95.12,ISIC-9512,1,1
95.2,952,F6.0970,NACE-95.2,ISIC-952,1,1
95.21,9521,F6.0971,NACE-95.21,ISIC-9521,1,1
95.22,9522,F6.0972,NACE-95.22,ISIC-9522,1,1
95.23,9523,F6.0973,NACE-95.23,ISIC-9523,1,1
95.24,9524,F6.0974,NACE-95.24,ISIC-9524,1,1
95.25,9529,F6.0975,NACE-95.25,ISIC-9529,1,1
95.29,9529,F6.0976,NACE-95.29,ISIC-9529,1,1
96,96,F6.0977,NACE-96,ISIC-96,1,1
96.0,960,F6.0978,NACE-96.0,ISIC-960,1,1
96.01,9601,F6.0979,NACE-96.01,ISIC-9601,1,1
96.02,9602,F6.0980,NACE-96.02,ISIC-9602,1,1
96.03,9603,F6.0981,NACE-96.03,ISIC-9603,1,1
96.04,9609,F6.0982,NACE-96.04,ISIC-9609,1,1
96.09,9609,F6.0983,NACE-96.09,ISIC-9609,1,1
T,T,F6.0984,NACE-T,ISIC-T,1,1
97,97,F6.0985,NACE-97,ISIC-97,1,1
97.0,970,F6.0986,NACE-97.0,ISIC-970,1,1
97.00,9700,F6.0987,NACE-97.00,ISIC-9700,1,1
98,98,F6.0988,NACE-98,ISIC-98,1,1
98.1,981,F6.0989,NACE-98.1,ISIC-981,1,1
98.10,9810,F6.0990,NACE-98.10,ISIC-9810,1,1
98.2,982,F6.0991,NACE-98.2,ISIC-982,1,1
98.20,9820,F6.0992,NACE-98.20,ISIC-9820,1,1
U,U,F6.0993,NACE-U,ISIC-U,1,1
99,99,F6.0994,NACE-99,ISIC-99,1,1
99.0,990,F6.0995,NACE-99.0,ISIC-990,1,1
99.00,9900,F6.0996,NACE-99.00,ISIC-9900,1,1
